Version,Kind,Prefix
intstr,IntOrString,io_k8s_apimachinery_pkg_util_intstr
resource,Quantity,io_k8s_apimachinery_pkg_api_resource
runtime,RawExtension,io_k8s_apimachinery_pkg_runtime
v1,APIGroup,io_k8s_apimachinery_pkg_apis_meta_v1
v1,APIGroupList,io_k8s_apimachinery_pkg_apis_meta_v1
v1,APIResource,io_k8s_apimachinery_pkg_apis_meta_v1
v1,APIResourceList,io_k8s_apimachinery_pkg_apis_meta_v1
v1,APIService,io_k8s_kube_aggregator_pkg_apis_apiregistration_v1
v1,APIServiceCondition,io_k8s_kube_aggregator_pkg_apis_apiregistration_v1
v1,APIServiceList,io_k8s_kube_aggregator_pkg_apis_apiregistration_v1
v1,APIServiceSpec,io_k8s_kube_aggregator_pkg_apis_apiregistration_v1
v1,APIServiceStatus,io_k8s_kube_aggregator_pkg_apis_apiregistration_v1
v1,APIVersions,io_k8s_apimachinery_pkg_apis_meta_v1
v1,AWSElasticBlockStoreVolumeSource,io_k8s_api_core_v1
v1,Affinity,io_k8s_api_core_v1
v1,AggregationRule,io_k8s_api_rbac_v1
v1,AppArmorProfile,io_k8s_api_core_v1
v1,AttachedVolume,io_k8s_api_core_v1
v1,AuditAnnotation,io_k8s_api_admissionregistration_v1
v1,AzureDiskVolumeSource,io_k8s_api_core_v1
v1,AzureFilePersistentVolumeSource,io_k8s_api_core_v1
v1,AzureFileVolumeSource,io_k8s_api_core_v1
v1,Binding,io_k8s_api_core_v1
v1,BoundObjectReference,io_k8s_api_authentication_v1
v1,CSIDriver,io_k8s_api_storage_v1
v1,CSIDriverList,io_k8s_api_storage_v1
v1,CSIDriverSpec,io_k8s_api_storage_v1
v1,CSINode,io_k8s_api_storage_v1
v1,CSINodeDriver,io_k8s_api_storage_v1
v1,CSINodeList,io_k8s_api_storage_v1
v1,CSINodeSpec,io_k8s_api_storage_v1
v1,CSIPersistentVolumeSource,io_k8s_api_core_v1
v1,CSIStorageCapacity,io_k8s_api_storage_v1
v1,CSIStorageCapacityList,io_k8s_api_storage_v1
v1,CSIVolumeSource,io_k8s_api_core_v1
v1,Capabilities,io_k8s_api_core_v1
v1,CephFSPersistentVolumeSource,io_k8s_api_core_v1
v1,CephFSVolumeSource,io_k8s_api_core_v1
v1,CertificateSigningRequest,io_k8s_api_certificates_v1
v1,CertificateSigningRequestCondition,io_k8s_api_certificates_v1
v1,CertificateSigningRequestList,io_k8s_api_certificates_v1
v1,CertificateSigningRequestSpec,io_k8s_api_certificates_v1
v1,CertificateSigningRequestStatus,io_k8s_api_certificates_v1
v1,CinderPersistentVolumeSource,io_k8s_api_core_v1
v1,CinderVolumeSource,io_k8s_api_core_v1
v1,ClaimSource,io_k8s_api_core_v1
v1,ClientIPConfig,io_k8s_api_core_v1
v1,ClusterRole,io_k8s_api_rbac_v1
v1,ClusterRoleBinding,io_k8s_api_rbac_v1
v1,ClusterRoleBindingList,io_k8s_api_rbac_v1
v1,ClusterRoleList,io_k8s_api_rbac_v1
v1,ClusterTrustBundleProjection,io_k8s_api_core_v1
v1,ComponentCondition,io_k8s_api_core_v1
v1,ComponentStatus,io_k8s_api_core_v1
v1,ComponentStatusList,io_k8s_api_core_v1
v1,Condition,io_k8s_apimachinery_pkg_apis_meta_v1
v1,ConfigMap,io_k8s_api_core_v1
v1,ConfigMapEnvSource,io_k8s_api_core_v1
v1,ConfigMapKeySelector,io_k8s_api_core_v1
v1,ConfigMapList,io_k8s_api_core_v1
v1,ConfigMapNodeConfigSource,io_k8s_api_core_v1
v1,ConfigMapProjection,io_k8s_api_core_v1
v1,ConfigMapVolumeSource,io_k8s_api_core_v1
v1,Container,io_k8s_api_core_v1
v1,ContainerImage,io_k8s_api_core_v1
v1,ContainerPort,io_k8s_api_core_v1
v1,ContainerResizePolicy,io_k8s_api_core_v1
v1,ContainerState,io_k8s_api_core_v1
v1,ContainerStateRunning,io_k8s_api_core_v1
v1,ContainerStateTerminated,io_k8s_api_core_v1
v1,ContainerStateWaiting,io_k8s_api_core_v1
v1,ContainerStatus,io_k8s_api_core_v1
v1,ControllerRevision,io_k8s_api_apps_v1
v1,ControllerRevisionList,io_k8s_api_apps_v1
v1,CronJob,io_k8s_api_batch_v1
v1,CronJobList,io_k8s_api_batch_v1
v1,CronJobSpec,io_k8s_api_batch_v1
v1,CronJobStatus,io_k8s_api_batch_v1
v1,CrossVersionObjectReference,io_k8s_api_autoscaling_v1
v1,CustomResourceColumnDefinition,io_k8s_apiextensions_apiserver_pkg_apis_apiextensions_v1
v1,CustomResourceConversion,io_k8s_apiextensions_apiserver_pkg_apis_apiextensions_v1
v1,CustomResourceDefinition,io_k8s_apiextensions_apiserver_pkg_apis_apiextensions_v1
v1,CustomResourceDefinitionCondition,io_k8s_apiextensions_apiserver_pkg_apis_apiextensions_v1
v1,CustomResourceDefinitionList,io_k8s_apiextensions_apiserver_pkg_apis_apiextensions_v1
v1,CustomResourceDefinitionNames,io_k8s_apiextensions_apiserver_pkg_apis_apiextensions_v1
v1,CustomResourceDefinitionSpec,io_k8s_apiextensions_apiserver_pkg_apis_apiextensions_v1
v1,CustomResourceDefinitionStatus,io_k8s_apiextensions_apiserver_pkg_apis_apiextensions_v1
v1,CustomResourceDefinitionVersion,io_k8s_apiextensions_apiserver_pkg_apis_apiextensions_v1
v1,CustomResourceSubresourceScale,io_k8s_apiextensions_apiserver_pkg_apis_apiextensions_v1
v1,CustomResourceSubresourceStatus,io_k8s_apiextensions_apiserver_pkg_apis_apiextensions_v1
v1,CustomResourceSubresources,io_k8s_apiextensions_apiserver_pkg_apis_apiextensions_v1
v1,CustomResourceValidation,io_k8s_apiextensions_apiserver_pkg_apis_apiextensions_v1
v1,DaemonEndpoint,io_k8s_api_core_v1
v1,DaemonSet,io_k8s_api_apps_v1
v1,DaemonSetCondition,io_k8s_api_apps_v1
v1,DaemonSetList,io_k8s_api_apps_v1
v1,DaemonSetSpec,io_k8s_api_apps_v1
v1,DaemonSetStatus,io_k8s_api_apps_v1
v1,DaemonSetUpdateStrategy,io_k8s_api_apps_v1
v1,DeleteOptions,io_k8s_apimachinery_pkg_apis_meta_v1
v1,Deployment,io_k8s_api_apps_v1
v1,DeploymentCondition,io_k8s_api_apps_v1
v1,DeploymentList,io_k8s_api_apps_v1
v1,DeploymentSpec,io_k8s_api_apps_v1
v1,DeploymentStatus,io_k8s_api_apps_v1
v1,DeploymentStrategy,io_k8s_api_apps_v1
v1,DownwardAPIProjection,io_k8s_api_core_v1
v1,DownwardAPIVolumeFile,io_k8s_api_core_v1
v1,DownwardAPIVolumeSource,io_k8s_api_core_v1
v1,EmptyDirVolumeSource,io_k8s_api_core_v1
v1,Endpoint,io_k8s_api_discovery_v1
v1,EndpointAddress,io_k8s_api_core_v1
v1,EndpointConditions,io_k8s_api_discovery_v1
v1,EndpointHints,io_k8s_api_discovery_v1
v1,EndpointPort,io_k8s_api_core_v1
v1,EndpointPort,io_k8s_api_discovery_v1
v1,EndpointSlice,io_k8s_api_discovery_v1
v1,EndpointSliceList,io_k8s_api_discovery_v1
v1,EndpointSubset,io_k8s_api_core_v1
v1,Endpoints,io_k8s_api_core_v1
v1,EndpointsList,io_k8s_api_core_v1
v1,EnvFromSource,io_k8s_api_core_v1
v1,EnvVar,io_k8s_api_core_v1
v1,EnvVarSource,io_k8s_api_core_v1
v1,EphemeralContainer,io_k8s_api_core_v1
v1,EphemeralVolumeSource,io_k8s_api_core_v1
v1,Event,io_k8s_api_core_v1
v1,Event,io_k8s_api_events_v1
v1,EventList,io_k8s_api_core_v1
v1,EventList,io_k8s_api_events_v1
v1,EventSeries,io_k8s_api_core_v1
v1,EventSeries,io_k8s_api_events_v1
v1,EventSource,io_k8s_api_core_v1
v1,Eviction,io_k8s_api_policy_v1
v1,ExecAction,io_k8s_api_core_v1
v1,ExemptPriorityLevelConfiguration,io_k8s_api_flowcontrol_v1
v1,ExpressionWarning,io_k8s_api_admissionregistration_v1
v1,ExternalDocumentation,io_k8s_apiextensions_apiserver_pkg_apis_apiextensions_v1
v1,FCVolumeSource,io_k8s_api_core_v1
v1,FieldsV1,io_k8s_apimachinery_pkg_apis_meta_v1
v1,FlexPersistentVolumeSource,io_k8s_api_core_v1
v1,FlexVolumeSource,io_k8s_api_core_v1
v1,FlockerVolumeSource,io_k8s_api_core_v1
v1,FlowDistinguisherMethod,io_k8s_api_flowcontrol_v1
v1,FlowSchema,io_k8s_api_flowcontrol_v1
v1,FlowSchemaCondition,io_k8s_api_flowcontrol_v1
v1,FlowSchemaList,io_k8s_api_flowcontrol_v1
v1,FlowSchemaSpec,io_k8s_api_flowcontrol_v1
v1,FlowSchemaStatus,io_k8s_api_flowcontrol_v1
v1,ForZone,io_k8s_api_discovery_v1
v1,GCEPersistentDiskVolumeSource,io_k8s_api_core_v1
v1,GRPCAction,io_k8s_api_core_v1
v1,GitRepoVolumeSource,io_k8s_api_core_v1
v1,GlusterfsPersistentVolumeSource,io_k8s_api_core_v1
v1,GlusterfsVolumeSource,io_k8s_api_core_v1
v1,GroupSubject,io_k8s_api_flowcontrol_v1
v1,GroupVersionForDiscovery,io_k8s_apimachinery_pkg_apis_meta_v1
v1,HTTPGetAction,io_k8s_api_core_v1
v1,HTTPHeader,io_k8s_api_core_v1
v1,HTTPIngressPath,io_k8s_api_networking_v1
v1,HTTPIngressRuleValue,io_k8s_api_networking_v1
v1,HorizontalPodAutoscaler,io_k8s_api_autoscaling_v1
v1,HorizontalPodAutoscalerList,io_k8s_api_autoscaling_v1
v1,HorizontalPodAutoscalerSpec,io_k8s_api_autoscaling_v1
v1,HorizontalPodAutoscalerStatus,io_k8s_api_autoscaling_v1
v1,HostAlias,io_k8s_api_core_v1
v1,HostIP,io_k8s_api_core_v1
v1,HostPathVolumeSource,io_k8s_api_core_v1
v1,IPBlock,io_k8s_api_networking_v1
v1,ISCSIPersistentVolumeSource,io_k8s_api_core_v1
v1,ISCSIVolumeSource,io_k8s_api_core_v1
v1,Ingress,io_k8s_api_networking_v1
v1,IngressBackend,io_k8s_api_networking_v1
v1,IngressClass,io_k8s_api_networking_v1
v1,IngressClassList,io_k8s_api_networking_v1
v1,IngressClassParametersReference,io_k8s_api_networking_v1
v1,IngressClassSpec,io_k8s_api_networking_v1
v1,IngressList,io_k8s_api_networking_v1
v1,IngressLoadBalancerIngress,io_k8s_api_networking_v1
v1,IngressLoadBalancerStatus,io_k8s_api_networking_v1
v1,IngressPortStatus,io_k8s_api_networking_v1
v1,IngressRule,io_k8s_api_networking_v1
v1,IngressServiceBackend,io_k8s_api_networking_v1
v1,IngressSpec,io_k8s_api_networking_v1
v1,IngressStatus,io_k8s_api_networking_v1
v1,IngressTLS,io_k8s_api_networking_v1
v1,JSON,io_k8s_apiextensions_apiserver_pkg_apis_apiextensions_v1
v1,JSONSchemaProps,io_k8s_apiextensions_apiserver_pkg_apis_apiextensions_v1
v1,JSONSchemaPropsOrArray,io_k8s_apiextensions_apiserver_pkg_apis_apiextensions_v1
v1,JSONSchemaPropsOrBool,io_k8s_apiextensions_apiserver_pkg_apis_apiextensions_v1
v1,JSONSchemaPropsOrStringArray,io_k8s_apiextensions_apiserver_pkg_apis_apiextensions_v1
v1,Job,io_k8s_api_batch_v1
v1,JobCondition,io_k8s_api_batch_v1
v1,JobList,io_k8s_api_batch_v1
v1,JobSpec,io_k8s_api_batch_v1
v1,JobStatus,io_k8s_api_batch_v1
v1,JobTemplateSpec,io_k8s_api_batch_v1
v1,KeyToPath,io_k8s_api_core_v1
v1,LabelSelector,io_k8s_apimachinery_pkg_apis_meta_v1
v1,LabelSelectorRequirement,io_k8s_apimachinery_pkg_apis_meta_v1
v1,Lease,io_k8s_api_coordination_v1
v1,LeaseList,io_k8s_api_coordination_v1
v1,LeaseSpec,io_k8s_api_coordination_v1
v1,Lifecycle,io_k8s_api_core_v1
v1,LifecycleHandler,io_k8s_api_core_v1
v1,LimitRange,io_k8s_api_core_v1
v1,LimitRangeItem,io_k8s_api_core_v1
v1,LimitRangeList,io_k8s_api_core_v1
v1,LimitRangeSpec,io_k8s_api_core_v1
v1,LimitResponse,io_k8s_api_flowcontrol_v1
v1,LimitedPriorityLevelConfiguration,io_k8s_api_flowcontrol_v1
v1,ListMeta,io_k8s_apimachinery_pkg_apis_meta_v1
v1,LoadBalancerIngress,io_k8s_api_core_v1
v1,LoadBalancerStatus,io_k8s_api_core_v1
v1,LocalObjectReference,io_k8s_api_core_v1
v1,LocalSubjectAccessReview,io_k8s_api_authorization_v1
v1,LocalVolumeSource,io_k8s_api_core_v1
v1,ManagedFieldsEntry,io_k8s_apimachinery_pkg_apis_meta_v1
v1,MatchCondition,io_k8s_api_admissionregistration_v1
v1,MatchResources,io_k8s_api_admissionregistration_v1
v1,MicroTime,io_k8s_apimachinery_pkg_apis_meta_v1
v1,ModifyVolumeStatus,io_k8s_api_core_v1
v1,MutatingWebhook,io_k8s_api_admissionregistration_v1
v1,MutatingWebhookConfiguration,io_k8s_api_admissionregistration_v1
v1,MutatingWebhookConfigurationList,io_k8s_api_admissionregistration_v1
v1,NFSVolumeSource,io_k8s_api_core_v1
v1,NamedRuleWithOperations,io_k8s_api_admissionregistration_v1
v1,Namespace,io_k8s_api_core_v1
v1,NamespaceCondition,io_k8s_api_core_v1
v1,NamespaceList,io_k8s_api_core_v1
v1,NamespaceSpec,io_k8s_api_core_v1
v1,NamespaceStatus,io_k8s_api_core_v1
v1,NetworkPolicy,io_k8s_api_networking_v1
v1,NetworkPolicyEgressRule,io_k8s_api_networking_v1
v1,NetworkPolicyIngressRule,io_k8s_api_networking_v1
v1,NetworkPolicyList,io_k8s_api_networking_v1
v1,NetworkPolicyPeer,io_k8s_api_networking_v1
v1,NetworkPolicyPort,io_k8s_api_networking_v1
v1,NetworkPolicySpec,io_k8s_api_networking_v1
v1,Node,io_k8s_api_core_v1
v1,NodeAddress,io_k8s_api_core_v1
v1,NodeAffinity,io_k8s_api_core_v1
v1,NodeCondition,io_k8s_api_core_v1
v1,NodeConfigSource,io_k8s_api_core_v1
v1,NodeConfigStatus,io_k8s_api_core_v1
v1,NodeDaemonEndpoints,io_k8s_api_core_v1
v1,NodeList,io_k8s_api_core_v1
v1,NodeRuntimeHandler,io_k8s_api_core_v1
v1,NodeRuntimeHandlerFeatures,io_k8s_api_core_v1
v1,NodeSelector,io_k8s_api_core_v1
v1,NodeSelectorRequirement,io_k8s_api_core_v1
v1,NodeSelectorTerm,io_k8s_api_core_v1
v1,NodeSpec,io_k8s_api_core_v1
v1,NodeStatus,io_k8s_api_core_v1
v1,NodeSystemInfo,io_k8s_api_core_v1
v1,NonResourceAttributes,io_k8s_api_authorization_v1
v1,NonResourcePolicyRule,io_k8s_api_flowcontrol_v1
v1,NonResourceRule,io_k8s_api_authorization_v1
v1,ObjectFieldSelector,io_k8s_api_core_v1
v1,ObjectMeta,io_k8s_apimachinery_pkg_apis_meta_v1
v1,ObjectReference,io_k8s_api_core_v1
v1,Overhead,io_k8s_api_node_v1
v1,OwnerReference,io_k8s_apimachinery_pkg_apis_meta_v1
v1,ParamKind,io_k8s_api_admissionregistration_v1
v1,ParamRef,io_k8s_api_admissionregistration_v1
v1,Patch,io_k8s_apimachinery_pkg_apis_meta_v1
v1,PersistentVolume,io_k8s_api_core_v1
v1,PersistentVolumeClaim,io_k8s_api_core_v1
v1,PersistentVolumeClaimCondition,io_k8s_api_core_v1
v1,PersistentVolumeClaimList,io_k8s_api_core_v1
v1,PersistentVolumeClaimSpec,io_k8s_api_core_v1
v1,PersistentVolumeClaimStatus,io_k8s_api_core_v1
v1,PersistentVolumeClaimTemplate,io_k8s_api_core_v1
v1,PersistentVolumeClaimVolumeSource,io_k8s_api_core_v1
v1,PersistentVolumeList,io_k8s_api_core_v1
v1,PersistentVolumeSpec,io_k8s_api_core_v1
v1,PersistentVolumeStatus,io_k8s_api_core_v1
v1,PhotonPersistentDiskVolumeSource,io_k8s_api_core_v1
v1,Pod,io_k8s_api_core_v1
v1,PodAffinity,io_k8s_api_core_v1
v1,PodAffinityTerm,io_k8s_api_core_v1
v1,PodAntiAffinity,io_k8s_api_core_v1
v1,PodCondition,io_k8s_api_core_v1
v1,PodDNSConfig,io_k8s_api_core_v1
v1,PodDNSConfigOption,io_k8s_api_core_v1
v1,PodDisruptionBudget,io_k8s_api_policy_v1
v1,PodDisruptionBudgetList,io_k8s_api_policy_v1
v1,PodDisruptionBudgetSpec,io_k8s_api_policy_v1
v1,PodDisruptionBudgetStatus,io_k8s_api_policy_v1
v1,PodFailurePolicy,io_k8s_api_batch_v1
v1,PodFailurePolicyOnExitCodesRequirement,io_k8s_api_batch_v1
v1,PodFailurePolicyOnPodConditionsPattern,io_k8s_api_batch_v1
v1,PodFailurePolicyRule,io_k8s_api_batch_v1
v1,PodIP,io_k8s_api_core_v1
v1,PodList,io_k8s_api_core_v1
v1,PodOS,io_k8s_api_core_v1
v1,PodReadinessGate,io_k8s_api_core_v1
v1,PodResourceClaim,io_k8s_api_core_v1
v1,PodResourceClaimStatus,io_k8s_api_core_v1
v1,PodSchedulingGate,io_k8s_api_core_v1
v1,PodSecurityContext,io_k8s_api_core_v1
v1,PodSpec,io_k8s_api_core_v1
v1,PodStatus,io_k8s_api_core_v1
v1,PodTemplate,io_k8s_api_core_v1
v1,PodTemplateList,io_k8s_api_core_v1
v1,PodTemplateSpec,io_k8s_api_core_v1
v1,PolicyRule,io_k8s_api_rbac_v1
v1,PolicyRulesWithSubjects,io_k8s_api_flowcontrol_v1
v1,PortStatus,io_k8s_api_core_v1
v1,PortworxVolumeSource,io_k8s_api_core_v1
v1,Preconditions,io_k8s_apimachinery_pkg_apis_meta_v1
v1,PreferredSchedulingTerm,io_k8s_api_core_v1
v1,PriorityClass,io_k8s_api_scheduling_v1
v1,PriorityClassList,io_k8s_api_scheduling_v1
v1,PriorityLevelConfiguration,io_k8s_api_flowcontrol_v1
v1,PriorityLevelConfigurationCondition,io_k8s_api_flowcontrol_v1
v1,PriorityLevelConfigurationList,io_k8s_api_flowcontrol_v1
v1,PriorityLevelConfigurationReference,io_k8s_api_flowcontrol_v1
v1,PriorityLevelConfigurationSpec,io_k8s_api_flowcontrol_v1
v1,PriorityLevelConfigurationStatus,io_k8s_api_flowcontrol_v1
v1,Probe,io_k8s_api_core_v1
v1,ProjectedVolumeSource,io_k8s_api_core_v1
v1,QueuingConfiguration,io_k8s_api_flowcontrol_v1
v1,QuobyteVolumeSource,io_k8s_api_core_v1
v1,RBDPersistentVolumeSource,io_k8s_api_core_v1
v1,RBDVolumeSource,io_k8s_api_core_v1
v1,ReplicaSet,io_k8s_api_apps_v1
v1,ReplicaSetCondition,io_k8s_api_apps_v1
v1,ReplicaSetList,io_k8s_api_apps_v1
v1,ReplicaSetSpec,io_k8s_api_apps_v1
v1,ReplicaSetStatus,io_k8s_api_apps_v1
v1,ReplicationController,io_k8s_api_core_v1
v1,ReplicationControllerCondition,io_k8s_api_core_v1
v1,ReplicationControllerList,io_k8s_api_core_v1
v1,ReplicationControllerSpec,io_k8s_api_core_v1
v1,ReplicationControllerStatus,io_k8s_api_core_v1
v1,ResourceAttributes,io_k8s_api_authorization_v1
v1,ResourceClaim,io_k8s_api_core_v1
v1,ResourceFieldSelector,io_k8s_api_core_v1
v1,ResourcePolicyRule,io_k8s_api_flowcontrol_v1
v1,ResourceQuota,io_k8s_api_core_v1
v1,ResourceQuotaList,io_k8s_api_core_v1
v1,ResourceQuotaSpec,io_k8s_api_core_v1
v1,ResourceQuotaStatus,io_k8s_api_core_v1
v1,ResourceRequirements,io_k8s_api_core_v1
v1,ResourceRule,io_k8s_api_authorization_v1
v1,Role,io_k8s_api_rbac_v1
v1,RoleBinding,io_k8s_api_rbac_v1
v1,RoleBindingList,io_k8s_api_rbac_v1
v1,RoleList,io_k8s_api_rbac_v1
v1,RoleRef,io_k8s_api_rbac_v1
v1,RollingUpdateDaemonSet,io_k8s_api_apps_v1
v1,RollingUpdateDeployment,io_k8s_api_apps_v1
v1,RollingUpdateStatefulSetStrategy,io_k8s_api_apps_v1
v1,RuleWithOperations,io_k8s_api_admissionregistration_v1
v1,RuntimeClass,io_k8s_api_node_v1
v1,RuntimeClassList,io_k8s_api_node_v1
v1,SELinuxOptions,io_k8s_api_core_v1
v1,Scale,io_k8s_api_autoscaling_v1
v1,ScaleIOPersistentVolumeSource,io_k8s_api_core_v1
v1,ScaleIOVolumeSource,io_k8s_api_core_v1
v1,ScaleSpec,io_k8s_api_autoscaling_v1
v1,ScaleStatus,io_k8s_api_autoscaling_v1
v1,Scheduling,io_k8s_api_node_v1
v1,ScopeSelector,io_k8s_api_core_v1
v1,ScopedResourceSelectorRequirement,io_k8s_api_core_v1
v1,SeccompProfile,io_k8s_api_core_v1
v1,Secret,io_k8s_api_core_v1
v1,SecretEnvSource,io_k8s_api_core_v1
v1,SecretKeySelector,io_k8s_api_core_v1
v1,SecretList,io_k8s_api_core_v1
v1,SecretProjection,io_k8s_api_core_v1
v1,SecretReference,io_k8s_api_core_v1
v1,SecretVolumeSource,io_k8s_api_core_v1
v1,SecurityContext,io_k8s_api_core_v1
v1,SelectableField,io_k8s_apiextensions_apiserver_pkg_apis_apiextensions_v1
v1,SelfSubjectAccessReview,io_k8s_api_authorization_v1
v1,SelfSubjectAccessReviewSpec,io_k8s_api_authorization_v1
v1,SelfSubjectReview,io_k8s_api_authentication_v1
v1,SelfSubjectReviewStatus,io_k8s_api_authentication_v1
v1,SelfSubjectRulesReview,io_k8s_api_authorization_v1
v1,SelfSubjectRulesReviewSpec,io_k8s_api_authorization_v1
v1,ServerAddressByClientCIDR,io_k8s_apimachinery_pkg_apis_meta_v1
v1,Service,io_k8s_api_core_v1
v1,ServiceAccount,io_k8s_api_core_v1
v1,ServiceAccountList,io_k8s_api_core_v1
v1,ServiceAccountSubject,io_k8s_api_flowcontrol_v1
v1,ServiceAccountTokenProjection,io_k8s_api_core_v1
v1,ServiceBackendPort,io_k8s_api_networking_v1
v1,ServiceList,io_k8s_api_core_v1
v1,ServicePort,io_k8s_api_core_v1
v1,ServiceReference,io_k8s_api_admissionregistration_v1
v1,ServiceReference,io_k8s_apiextensions_apiserver_pkg_apis_apiextensions_v1
v1,ServiceReference,io_k8s_kube_aggregator_pkg_apis_apiregistration_v1
v1,ServiceSpec,io_k8s_api_core_v1
v1,ServiceStatus,io_k8s_api_core_v1
v1,SessionAffinityConfig,io_k8s_api_core_v1
v1,SleepAction,io_k8s_api_core_v1
v1,StatefulSet,io_k8s_api_apps_v1
v1,StatefulSetCondition,io_k8s_api_apps_v1
v1,StatefulSetList,io_k8s_api_apps_v1
v1,StatefulSetOrdinals,io_k8s_api_apps_v1
v1,StatefulSetPersistentVolumeClaimRetentionPolicy,io_k8s_api_apps_v1
v1,StatefulSetSpec,io_k8s_api_apps_v1
v1,StatefulSetStatus,io_k8s_api_apps_v1
v1,StatefulSetUpdateStrategy,io_k8s_api_apps_v1
v1,Status,io_k8s_apimachinery_pkg_apis_meta_v1
v1,StatusCause,io_k8s_apimachinery_pkg_apis_meta_v1
v1,StatusDetails,io_k8s_apimachinery_pkg_apis_meta_v1
v1,StorageClass,io_k8s_api_storage_v1
v1,StorageClassList,io_k8s_api_storage_v1
v1,StorageOSPersistentVolumeSource,io_k8s_api_core_v1
v1,StorageOSVolumeSource,io_k8s_api_core_v1
v1,Subject,io_k8s_api_flowcontrol_v1
v1,Subject,io_k8s_api_rbac_v1
v1,SubjectAccessReview,io_k8s_api_authorization_v1
v1,SubjectAccessReviewSpec,io_k8s_api_authorization_v1
v1,SubjectAccessReviewStatus,io_k8s_api_authorization_v1
v1,SubjectRulesReviewStatus,io_k8s_api_authorization_v1
v1,SuccessPolicy,io_k8s_api_batch_v1
v1,SuccessPolicyRule,io_k8s_api_batch_v1
v1,Sysctl,io_k8s_api_core_v1
v1,TCPSocketAction,io_k8s_api_core_v1
v1,Taint,io_k8s_api_core_v1
v1,Time,io_k8s_apimachinery_pkg_apis_meta_v1
v1,TokenRequest,io_k8s_api_authentication_v1
v1,TokenRequest,io_k8s_api_storage_v1
v1,TokenRequestSpec,io_k8s_api_authentication_v1
v1,TokenRequestStatus,io_k8s_api_authentication_v1
v1,TokenReview,io_k8s_api_authentication_v1
v1,TokenReviewSpec,io_k8s_api_authentication_v1
v1,TokenReviewStatus,io_k8s_api_authentication_v1
v1,Toleration,io_k8s_api_core_v1
v1,TopologySelectorLabelRequirement,io_k8s_api_core_v1
v1,TopologySelectorTerm,io_k8s_api_core_v1
v1,TopologySpreadConstraint,io_k8s_api_core_v1
v1,TypeChecking,io_k8s_api_admissionregistration_v1
v1,TypedLocalObjectReference,io_k8s_api_core_v1
v1,TypedObjectReference,io_k8s_api_core_v1
v1,UncountedTerminatedPods,io_k8s_api_batch_v1
v1,UserInfo,io_k8s_api_authentication_v1
v1,UserSubject,io_k8s_api_flowcontrol_v1
v1,ValidatingAdmissionPolicy,io_k8s_api_admissionregistration_v1
v1,ValidatingAdmissionPolicyBinding,io_k8s_api_admissionregistration_v1
v1,ValidatingAdmissionPolicyBindingList,io_k8s_api_admissionregistration_v1
v1,ValidatingAdmissionPolicyBindingSpec,io_k8s_api_admissionregistration_v1
v1,ValidatingAdmissionPolicyList,io_k8s_api_admissionregistration_v1
v1,ValidatingAdmissionPolicySpec,io_k8s_api_admissionregistration_v1
v1,ValidatingAdmissionPolicyStatus,io_k8s_api_admissionregistration_v1
v1,ValidatingWebhook,io_k8s_api_admissionregistration_v1
v1,ValidatingWebhookConfiguration,io_k8s_api_admissionregistration_v1
v1,ValidatingWebhookConfigurationList,io_k8s_api_admissionregistration_v1
v1,Validation,io_k8s_api_admissionregistration_v1
v1,ValidationRule,io_k8s_apiextensions_apiserver_pkg_apis_apiextensions_v1
v1,Variable,io_k8s_api_admissionregistration_v1
v1,Volume,io_k8s_api_core_v1
v1,VolumeAttachment,io_k8s_api_storage_v1
v1,VolumeAttachmentList,io_k8s_api_storage_v1
v1,VolumeAttachmentSource,io_k8s_api_storage_v1
v1,VolumeAttachmentSpec,io_k8s_api_storage_v1
v1,VolumeAttachmentStatus,io_k8s_api_storage_v1
v1,VolumeDevice,io_k8s_api_core_v1
v1,VolumeError,io_k8s_api_storage_v1
v1,VolumeMount,io_k8s_api_core_v1
v1,VolumeMountStatus,io_k8s_api_core_v1
v1,VolumeNodeAffinity,io_k8s_api_core_v1
v1,VolumeNodeResources,io_k8s_api_storage_v1
v1,VolumeProjection,io_k8s_api_core_v1
v1,VolumeResourceRequirements,io_k8s_api_core_v1
v1,VsphereVirtualDiskVolumeSource,io_k8s_api_core_v1
v1,WatchEvent,io_k8s_apimachinery_pkg_apis_meta_v1
v1,WebhookClientConfig,io_k8s_api_admissionregistration_v1
v1,WebhookClientConfig,io_k8s_apiextensions_apiserver_pkg_apis_apiextensions_v1
v1,WebhookConversion,io_k8s_apiextensions_apiserver_pkg_apis_apiextensions_v1
v1,WeightedPodAffinityTerm,io_k8s_api_core_v1
v1,WindowsSecurityContextOptions,io_k8s_api_core_v1
v1alpha1,AuditAnnotation,io_k8s_api_admissionregistration_v1alpha1
v1alpha1,ClusterTrustBundle,io_k8s_api_certificates_v1alpha1
v1alpha1,ClusterTrustBundleList,io_k8s_api_certificates_v1alpha1
v1alpha1,ClusterTrustBundleSpec,io_k8s_api_certificates_v1alpha1
v1alpha1,ExpressionWarning,io_k8s_api_admissionregistration_v1alpha1
v1alpha1,GroupVersionResource,io_k8s_api_storagemigration_v1alpha1
v1alpha1,IPAddress,io_k8s_api_networking_v1alpha1
v1alpha1,IPAddressList,io_k8s_api_networking_v1alpha1
v1alpha1,IPAddressSpec,io_k8s_api_networking_v1alpha1
v1alpha1,MatchCondition,io_k8s_api_admissionregistration_v1alpha1
v1alpha1,MatchResources,io_k8s_api_admissionregistration_v1alpha1
v1alpha1,MigrationCondition,io_k8s_api_storagemigration_v1alpha1
v1alpha1,NamedRuleWithOperations,io_k8s_api_admissionregistration_v1alpha1
v1alpha1,ParamKind,io_k8s_api_admissionregistration_v1alpha1
v1alpha1,ParamRef,io_k8s_api_admissionregistration_v1alpha1
v1alpha1,ParentReference,io_k8s_api_networking_v1alpha1
v1alpha1,SelfSubjectReview,io_k8s_api_authentication_v1alpha1
v1alpha1,SelfSubjectReviewStatus,io_k8s_api_authentication_v1alpha1
v1alpha1,ServerStorageVersion,io_k8s_api_apiserverinternal_v1alpha1
v1alpha1,ServiceCIDR,io_k8s_api_networking_v1alpha1
v1alpha1,ServiceCIDRList,io_k8s_api_networking_v1alpha1
v1alpha1,ServiceCIDRSpec,io_k8s_api_networking_v1alpha1
v1alpha1,ServiceCIDRStatus,io_k8s_api_networking_v1alpha1
v1alpha1,StorageVersion,io_k8s_api_apiserverinternal_v1alpha1
v1alpha1,StorageVersionCondition,io_k8s_api_apiserverinternal_v1alpha1
v1alpha1,StorageVersionList,io_k8s_api_apiserverinternal_v1alpha1
v1alpha1,StorageVersionMigration,io_k8s_api_storagemigration_v1alpha1
v1alpha1,StorageVersionMigrationList,io_k8s_api_storagemigration_v1alpha1
v1alpha1,StorageVersionMigrationSpec,io_k8s_api_storagemigration_v1alpha1
v1alpha1,StorageVersionMigrationStatus,io_k8s_api_storagemigration_v1alpha1
v1alpha1,StorageVersionSpec,io_k8s_api_apiserverinternal_v1alpha1
v1alpha1,StorageVersionStatus,io_k8s_api_apiserverinternal_v1alpha1
v1alpha1,TypeChecking,io_k8s_api_admissionregistration_v1alpha1
v1alpha1,ValidatingAdmissionPolicy,io_k8s_api_admissionregistration_v1alpha1
v1alpha1,ValidatingAdmissionPolicyBinding,io_k8s_api_admissionregistration_v1alpha1
v1alpha1,ValidatingAdmissionPolicyBindingList,io_k8s_api_admissionregistration_v1alpha1
v1alpha1,ValidatingAdmissionPolicyBindingSpec,io_k8s_api_admissionregistration_v1alpha1
v1alpha1,ValidatingAdmissionPolicyList,io_k8s_api_admissionregistration_v1alpha1
v1alpha1,ValidatingAdmissionPolicySpec,io_k8s_api_admissionregistration_v1alpha1
v1alpha1,ValidatingAdmissionPolicyStatus,io_k8s_api_admissionregistration_v1alpha1
v1alpha1,Validation,io_k8s_api_admissionregistration_v1alpha1
v1alpha1,Variable,io_k8s_api_admissionregistration_v1alpha1
v1alpha1,VolumeAttributesClass,io_k8s_api_storage_v1alpha1
v1alpha1,VolumeAttributesClassList,io_k8s_api_storage_v1alpha1
v1alpha2,AllocationResult,io_k8s_api_resource_v1alpha2
v1alpha2,DriverAllocationResult,io_k8s_api_resource_v1alpha2
v1alpha2,DriverRequests,io_k8s_api_resource_v1alpha2
v1alpha2,NamedResourcesAllocationResult,io_k8s_api_resource_v1alpha2
v1alpha2,NamedResourcesAttribute,io_k8s_api_resource_v1alpha2
v1alpha2,NamedResourcesFilter,io_k8s_api_resource_v1alpha2
v1alpha2,NamedResourcesInstance,io_k8s_api_resource_v1alpha2
v1alpha2,NamedResourcesIntSlice,io_k8s_api_resource_v1alpha2
v1alpha2,NamedResourcesRequest,io_k8s_api_resource_v1alpha2
v1alpha2,NamedResourcesResources,io_k8s_api_resource_v1alpha2
v1alpha2,NamedResourcesStringSlice,io_k8s_api_resource_v1alpha2
v1alpha2,PodSchedulingContext,io_k8s_api_resource_v1alpha2
v1alpha2,PodSchedulingContextList,io_k8s_api_resource_v1alpha2
v1alpha2,PodSchedulingContextSpec,io_k8s_api_resource_v1alpha2
v1alpha2,PodSchedulingContextStatus,io_k8s_api_resource_v1alpha2
v1alpha2,ResourceClaim,io_k8s_api_resource_v1alpha2
v1alpha2,ResourceClaimConsumerReference,io_k8s_api_resource_v1alpha2
v1alpha2,ResourceClaimList,io_k8s_api_resource_v1alpha2
v1alpha2,ResourceClaimParameters,io_k8s_api_resource_v1alpha2
v1alpha2,ResourceClaimParametersList,io_k8s_api_resource_v1alpha2
v1alpha2,ResourceClaimParametersReference,io_k8s_api_resource_v1alpha2
v1alpha2,ResourceClaimSchedulingStatus,io_k8s_api_resource_v1alpha2
v1alpha2,ResourceClaimSpec,io_k8s_api_resource_v1alpha2
v1alpha2,ResourceClaimStatus,io_k8s_api_resource_v1alpha2
v1alpha2,ResourceClaimTemplate,io_k8s_api_resource_v1alpha2
v1alpha2,ResourceClaimTemplateList,io_k8s_api_resource_v1alpha2
v1alpha2,ResourceClaimTemplateSpec,io_k8s_api_resource_v1alpha2
v1alpha2,ResourceClass,io_k8s_api_resource_v1alpha2
v1alpha2,ResourceClassList,io_k8s_api_resource_v1alpha2
v1alpha2,ResourceClassParameters,io_k8s_api_resource_v1alpha2
v1alpha2,ResourceClassParametersList,io_k8s_api_resource_v1alpha2
v1alpha2,ResourceClassParametersReference,io_k8s_api_resource_v1alpha2
v1alpha2,ResourceFilter,io_k8s_api_resource_v1alpha2
v1alpha2,ResourceHandle,io_k8s_api_resource_v1alpha2
v1alpha2,ResourceRequest,io_k8s_api_resource_v1alpha2
v1alpha2,ResourceSlice,io_k8s_api_resource_v1alpha2
v1alpha2,ResourceSliceList,io_k8s_api_resource_v1alpha2
v1alpha2,StructuredResourceHandle,io_k8s_api_resource_v1alpha2
v1alpha2,VendorParameters,io_k8s_api_resource_v1alpha2
v1beta1,AuditAnnotation,io_k8s_api_admissionregistration_v1beta1
v1beta1,ExpressionWarning,io_k8s_api_admissionregistration_v1beta1
v1beta1,MatchCondition,io_k8s_api_admissionregistration_v1beta1
v1beta1,MatchResources,io_k8s_api_admissionregistration_v1beta1
v1beta1,NamedRuleWithOperations,io_k8s_api_admissionregistration_v1beta1
v1beta1,ParamKind,io_k8s_api_admissionregistration_v1beta1
v1beta1,ParamRef,io_k8s_api_admissionregistration_v1beta1
v1beta1,SelfSubjectReview,io_k8s_api_authentication_v1beta1
v1beta1,SelfSubjectReviewStatus,io_k8s_api_authentication_v1beta1
v1beta1,TypeChecking,io_k8s_api_admissionregistration_v1beta1
v1beta1,ValidatingAdmissionPolicy,io_k8s_api_admissionregistration_v1beta1
v1beta1,ValidatingAdmissionPolicyBinding,io_k8s_api_admissionregistration_v1beta1
v1beta1,ValidatingAdmissionPolicyBindingList,io_k8s_api_admissionregistration_v1beta1
v1beta1,ValidatingAdmissionPolicyBindingSpec,io_k8s_api_admissionregistration_v1beta1
v1beta1,ValidatingAdmissionPolicyList,io_k8s_api_admissionregistration_v1beta1
v1beta1,ValidatingAdmissionPolicySpec,io_k8s_api_admissionregistration_v1beta1
v1beta1,ValidatingAdmissionPolicyStatus,io_k8s_api_admissionregistration_v1beta1
v1beta1,Validation,io_k8s_api_admissionregistration_v1beta1
v1beta1,Variable,io_k8s_api_admissionregistration_v1beta1
v1beta3,ExemptPriorityLevelConfiguration,io_k8s_api_flowcontrol_v1beta3
v1beta3,FlowDistinguisherMethod,io_k8s_api_flowcontrol_v1beta3
v1beta3,FlowSchema,io_k8s_api_flowcontrol_v1beta3
v1beta3,FlowSchemaCondition,io_k8s_api_flowcontrol_v1beta3
v1beta3,FlowSchemaList,io_k8s_api_flowcontrol_v1beta3
v1beta3,FlowSchemaSpec,io_k8s_api_flowcontrol_v1beta3
v1beta3,FlowSchemaStatus,io_k8s_api_flowcontrol_v1beta3
v1beta3,GroupSubject,io_k8s_api_flowcontrol_v1beta3
v1beta3,LimitResponse,io_k8s_api_flowcontrol_v1beta3
v1beta3,LimitedPriorityLevelConfiguration,io_k8s_api_flowcontrol_v1beta3
v1beta3,NonResourcePolicyRule,io_k8s_api_flowcontrol_v1beta3
v1beta3,PolicyRulesWithSubjects,io_k8s_api_flowcontrol_v1beta3
v1beta3,PriorityLevelConfiguration,io_k8s_api_flowcontrol_v1beta3
v1beta3,PriorityLevelConfigurationCondition,io_k8s_api_flowcontrol_v1beta3
v1beta3,PriorityLevelConfigurationList,io_k8s_api_flowcontrol_v1beta3
v1beta3,PriorityLevelConfigurationReference,io_k8s_api_flowcontrol_v1beta3
v1beta3,PriorityLevelConfigurationSpec,io_k8s_api_flowcontrol_v1beta3
v1beta3,PriorityLevelConfigurationStatus,io_k8s_api_flowcontrol_v1beta3
v1beta3,QueuingConfiguration,io_k8s_api_flowcontrol_v1beta3
v1beta3,ResourcePolicyRule,io_k8s_api_flowcontrol_v1beta3
v1beta3,ServiceAccountSubject,io_k8s_api_flowcontrol_v1beta3
v1beta3,Subject,io_k8s_api_flowcontrol_v1beta3
v1beta3,UserSubject,io_k8s_api_flowcontrol_v1beta3
v2,ContainerResourceMetricSource,io_k8s_api_autoscaling_v2
v2,ContainerResourceMetricStatus,io_k8s_api_autoscaling_v2
v2,CrossVersionObjectReference,io_k8s_api_autoscaling_v2
v2,ExternalMetricSource,io_k8s_api_autoscaling_v2
v2,ExternalMetricStatus,io_k8s_api_autoscaling_v2
v2,HPAScalingPolicy,io_k8s_api_autoscaling_v2
v2,HPAScalingRules,io_k8s_api_autoscaling_v2
v2,HorizontalPodAutoscaler,io_k8s_api_autoscaling_v2
v2,HorizontalPodAutoscalerBehavior,io_k8s_api_autoscaling_v2
v2,HorizontalPodAutoscalerCondition,io_k8s_api_autoscaling_v2
v2,HorizontalPodAutoscalerList,io_k8s_api_autoscaling_v2
v2,HorizontalPodAutoscalerSpec,io_k8s_api_autoscaling_v2
v2,HorizontalPodAutoscalerStatus,io_k8s_api_autoscaling_v2
v2,MetricIdentifier,io_k8s_api_autoscaling_v2
v2,MetricSpec,io_k8s_api_autoscaling_v2
v2,MetricStatus,io_k8s_api_autoscaling_v2
v2,MetricTarget,io_k8s_api_autoscaling_v2
v2,MetricValueStatus,io_k8s_api_autoscaling_v2
v2,ObjectMetricSource,io_k8s_api_autoscaling_v2
v2,ObjectMetricStatus,io_k8s_api_autoscaling_v2
v2,PodsMetricSource,io_k8s_api_autoscaling_v2
v2,PodsMetricStatus,io_k8s_api_autoscaling_v2
v2,ResourceMetricSource,io_k8s_api_autoscaling_v2
v2,ResourceMetricStatus,io_k8s_api_autoscaling_v2
version,Info,io_k8s_apimachinery_pkg_version
